metric,value
loss,0.6573049396765037
threshold,0.5028167963027954
target_sensitivity,0.9
accuracy,0.7486338797814208
precision,0.4336283185840708
sensitivity,0.8361774744027304
specificity,0.726729291204099
f1,0.5710955710955711
balanced_accuracy,0.7814533828034147
true_positive,245.0
false_positive,320.0
false_negative,48.0
true_negative,851.0
malignant_support,293.0
benign_support,1171.0
num_examples,1464.0
