metric,value
loss,0.6859531252762008
threshold,0.3991658687591553
target_sensitivity,0.9
accuracy,0.7370218579234973
precision,0.426517571884984
sensitivity,0.9112627986348123
specificity,0.6934244235695987
f1,0.5810663764961914
balanced_accuracy,0.8023436111022055
true_positive,267.0
false_positive,359.0
false_negative,26.0
true_negative,812.0
malignant_support,293.0
benign_support,1171.0
num_examples,1464.0
