metric,value
loss,0.627106249332428
threshold,0.4808422327041626
target_sensitivity,0.9
accuracy,0.714624881291548
precision,0.8357329842931938
sensitivity,0.784880147510756
specificity,0.4759916492693111
f1,0.8095087163232965
balanced_accuracy,0.6304358983900336
true_positive,1277.0
false_positive,251.0
false_negative,350.0
true_negative,228.0
malignant_support,1627.0
benign_support,479.0
num_examples,2106.0
