metric,value
loss,0.22892549309632756
threshold,0.20589017868041992
target_sensitivity,0.9
accuracy,0.832807570977918
precision,0.8870967741935484
sensitivity,0.8979591836734694
specificity,0.6111111111111112
f1,0.8924949290060852
balanced_accuracy,0.7545351473922903
true_positive,220.0
false_positive,28.0
false_negative,25.0
true_negative,44.0
malignant_support,245.0
benign_support,72.0
num_examples,317.0
