metric,value
loss,0.7969019412994385
threshold,0.4300338327884674
target_sensitivity,0.9
accuracy,0.5788224121557455
precision,0.9120267260579065
sensitivity,0.503380454824831
specificity,0.8350730688935282
f1,0.6487128712871287
balanced_accuracy,0.6692267618591796
true_positive,819.0
false_positive,79.0
false_negative,808.0
true_negative,400.0
malignant_support,1627.0
benign_support,479.0
num_examples,2106.0
