metric,value
loss,0.7235777378082275
threshold,0.3909602463245392
target_sensitivity,0.9
accuracy,0.6847103513770181
precision,0.8286689419795222
sensitivity,0.746158574062692
specificity,0.4759916492693111
f1,0.7852522639068563
balanced_accuracy,0.6110751116660016
true_positive,1214.0
false_positive,251.0
false_negative,413.0
true_negative,228.0
malignant_support,1627.0
benign_support,479.0
num_examples,2106.0
