metric,value
loss,0.8193667531013489
threshold,0.3997834324836731
target_sensitivity,0.9
accuracy,0.5845204178537512
precision,0.8462246777163904
sensitivity,0.5648432698217578
specificity,0.651356993736952
f1,0.6774788057500921
balanced_accuracy,0.6081001317793548
true_positive,919.0
false_positive,167.0
false_negative,708.0
true_negative,312.0
malignant_support,1627.0
benign_support,479.0
num_examples,2106.0
