metric,value
loss,0.6106288433074951
threshold,0.5471710562705994
target_sensitivity,0.9
accuracy,0.6353276353276354
precision,0.9198435972629521
sensitivity,0.5783650891210818
specificity,0.8288100208768268
f1,0.710188679245283
balanced_accuracy,0.7035875549989543
true_positive,941.0
false_positive,82.0
false_negative,686.0
true_negative,397.0
malignant_support,1627.0
benign_support,479.0
num_examples,2106.0
