metric,value
loss,0.569632223720759
threshold,0.49417197704315186
target_sensitivity,0.9
accuracy,0.8210382513661202
precision,0.5333333333333333
sensitivity,0.8464163822525598
specificity,0.8146883005977796
f1,0.6543535620052771
balanced_accuracy,0.8305523414251696
true_positive,248.0
false_positive,217.0
false_negative,45.0
true_negative,954.0
malignant_support,293.0
benign_support,1171.0
num_examples,1464.0
