metric,value
loss,0.6204030826443532
threshold,0.3111044466495514
target_sensitivity,0.9
accuracy,0.8162568306010929
precision,0.5244897959183673
sensitivity,0.8771331058020477
specificity,0.8010247651579846
f1,0.6564495530012772
balanced_accuracy,0.8390789354800161
true_positive,257.0
false_positive,233.0
false_negative,36.0
true_negative,938.0
malignant_support,293.0
benign_support,1171.0
num_examples,1464.0
