metric,value
loss,0.6928985265434765
threshold,0.5257588624954224
target_sensitivity,0.9
accuracy,0.7260928961748634
precision,0.4140127388535032
sensitivity,0.8873720136518771
specificity,0.6857386848847139
f1,0.5646036916395223
balanced_accuracy,0.7865553492682955
true_positive,260.0
false_positive,368.0
false_negative,33.0
true_negative,803.0
malignant_support,293.0
benign_support,1171.0
num_examples,1464.0
