metric,value
loss,0.6640630292762173
threshold,0.4300338327884674
target_sensitivity,0.9
accuracy,0.7206284153005464
precision,0.4107692307692308
sensitivity,0.9112627986348123
specificity,0.672929120409906
f1,0.5662778366914104
balanced_accuracy,0.7920959595223591
true_positive,267.0
false_positive,383.0
false_negative,26.0
true_negative,788.0
malignant_support,293.0
benign_support,1171.0
num_examples,1464.0
