metric,value
loss,0.6840258592464885
threshold,0.4808422327041626
target_sensitivity,0.9
accuracy,0.7493169398907104
precision,0.43485915492957744
sensitivity,0.8430034129692833
specificity,0.7258753202391118
f1,0.5737514518002322
balanced_accuracy,0.7844393666041976
true_positive,247.0
false_positive,321.0
false_negative,46.0
true_negative,850.0
malignant_support,293.0
benign_support,1171.0
num_examples,1464.0
