metric,value
loss,0.7519263618630789
threshold,0.3909602463245392
target_sensitivity,0.9
accuracy,0.7172131147540983
precision,0.40350877192982454
sensitivity,0.863481228668942
specificity,0.6806148590947908
f1,0.55
balanced_accuracy,0.7720480438818664
true_positive,253.0
false_positive,374.0
false_negative,40.0
true_negative,797.0
malignant_support,293.0
benign_support,1171.0
num_examples,1464.0
