metric,value
loss,0.7429037940958159
threshold,0.45347297191619873
target_sensitivity,0.9
accuracy,0.7042349726775956
precision,0.3929663608562691
sensitivity,0.8771331058020477
specificity,0.6609735269000854
f1,0.5427666314677929
balanced_accuracy,0.7690533163510666
true_positive,257.0
false_positive,397.0
false_negative,36.0
true_negative,774.0
malignant_support,293.0
benign_support,1171.0
num_examples,1464.0
